BillingPostalCode,BillingState,BillingStreet,CreatedDate,Id,IsDeleted,Name,Phone,SystemModstamp,Type,Website
29898,IL,938 BE St,2023-09-16,69BB45290DE3,false,Company 540,(525-4533,2024-06-04T05:49:02.288Z,Prospect,[https://loremipsum.io/](https://www.company31.com)
15580,WA,345 FY St,2023-11-30,3EDAFDF4945C,false,Company 997,(354-7994,2024-06-04T05:49:02.288Z,Public,[https://loremipsum.io/](https://www.company485.com)
50382,NY,721 FB St,2023-03-19,9F8A17FDE1C3,false,Company 464,(724-320,2024-06-04T05:49:02.288Z,Public,[https://loremipsum.io/](https://www.company30.com)
56557,NY,269 DN St,2023-12-22,605266A55F7F,false,Company 736,(957-1695,2024-06-04T05:49:02.288Z,Partner,[https://loremipsum.io/](https://www.company71.com)
72916,CA,451 MY St,2023-11-13,D71B64EF2D9F,false,Company 347,(349-7528,2024-06-04T05:49:02.289Z,Private,[https://loremipsum.io/](https://www.company528.com)
41643,IL,850 IQ St,2023-02-11,2C48572A4473,false,Company 648,(133-1766,2024-06-04T05:49:02.289Z,Partner,[https://loremipsum.io/](https://www.company66.com)
89234,FL,581 XJ St,2023-04-10,15ECAAF57689,false,Company 991,(147-8035,2024-06-04T05:49:02.289Z,Private,[https://loremipsum.io/](https://www.company727.com)
77514,WA,671 BC St,2023-11-26,91001F7E5C78,false,Company 798,(1059-7699,2024-06-04T05:49:02.289Z,Partner,[https://loremipsum.io/](https://www.company380.com)
25503,NY,903 ZG St,2023-04-03,2C08BBBD8AA9,false,Company 971,(272-982,2024-06-04T05:49:02.289Z,Customer,[https://loremipsum.io/](https://www.company59.com)
91222,WA,951 VX St,2023-08-16,B8FA0CF98032,false,Company 234,(773-129,2024-06-04T05:49:02.290Z,Partner,[https://loremipsum.io/](https://www.company732.com)
12915,DC,736 HU St,2023-05-12,385D7C839BF6,false,Company 932,(689-3730,2024-06-04T05:49:02.290Z,Public,[https://loremipsum.io/](https://www.company422.com)
75641,TX,765 US St,2023-04-24,9E827DA1C06A,false,Company 176,(414-1035,2024-06-04T05:49:02.290Z,Prospect,[https://loremipsum.io/](https://www.company17.com)
39937,DC,772 WK St,2023-09-26,9BDCBA5162D5,false,Company 37,(731-855,2024-06-04T05:49:02.290Z,Partner,[https://loremipsum.io/](https://www.company807.com)
66462,MN,425 ZI St,2023-09-15,881EFD9419AD,false,Company 820,(1066-8635,2024-06-04T05:49:02.290Z,Partner,[https://loremipsum.io/](https://www.company770.com)
53113,MN,772 IT St,2023-09-05,9FCDA280FF98,false,Company 733,(1004-4223,2024-06-04T05:49:02.290Z,Public,[https://loremipsum.io/](https://www.company533.com)
11713,AZ,193 YX St,2023-07-01,524131C99EE1,false,Company 452,(552-8685,2024-06-04T05:49:02.290Z,Prospect,[https://loremipsum.io/](https://www.company752.com)
56862,NY,54 BQ St,2023-10-20,490731B77C74,true,Company 668,(906-5033,2024-06-04T05:49:02.290Z,Prospect,[https://loremipsum.io/](https://www.company480.com)
26308,IL,658 UX St,2023-07-08,ADA71F584D51,false,Company 831,(487-5214,2024-06-04T05:49:02.290Z,Public,[https://loremipsum.io/](https://www.company457.com)
96462,DC,900 BR St,2023-08-09,E513C2D15AF1,false,Company 761,(463-8798,2024-06-04T05:49:02.290Z,Prospect,[https://loremipsum.io/](https://www.company623.com)
52977,FL,470 AE St,2023-08-13,58D618EFC585,true,Company 582,(930-3830,2024-06-04T05:49:02.291Z,Public,[https://loremipsum.io/](https://www.company968.com)
44135,WA,187 XF St,2023-12-10,F2FD0ED9B192,false,Company 395,(926-487,2024-06-04T05:49:02.291Z,Public,[https://loremipsum.io/](https://www.company762.com)
60218,CA,432 YR St,2023-07-05,5AAFE8139247,false,Company 332,(485-5550,2024-06-04T05:49:02.291Z,Public,[https://loremipsum.io/](https://www.company425.com)
79610,IL,18 MK St,2023-10-25,25538239FC8B,false,Company 545,(939-1350,2024-06-04T05:49:02.291Z,Public,[https://loremipsum.io/](https://www.company387.com)
87385,FL,370 WJ St,2023-11-08,8A4E9167FA4C,false,Company 617,(329-2014,2024-06-04T05:49:02.291Z,Prospect,[https://loremipsum.io/](https://www.company903.com)
97838,TX,482 CF St,2023-09-01,32145E33938D,true,Company 383,(292-8684,2024-06-04T05:49:02.291Z,Customer,[https://loremipsum.io/](https://www.company784.com)
29681,TX,826 WO St,2023-11-25,C697D7B864F8,false,Company 889,(1063-7458,2024-06-04T05:49:02.291Z,Prospect,[https://loremipsum.io/](https://www.company607.com)
87151,AZ,232 AH St,2023-02-24,682383DCE94F,false,Company 842,(159-6183,2024-06-04T05:49:02.291Z,Public,[https://loremipsum.io/](https://www.company752.com)
10590,TX,177 XS St,2023-12-16,D3EE18F067A5,false,Company 270,(171-784,2024-06-04T05:49:02.291Z,Prospect,[https://loremipsum.io/](https://www.company367.com)
37174,IL,576 LM St,2023-02-04,EBDF570D42EC,false,Company 259,(722-5121,2024-06-04T05:49:02.291Z,Prospect,[https://loremipsum.io/](https://www.company852.com)
44853,FL,488 TX St,2023-10-31,873E2C872429,false,Company 484,(1032-3209,2024-06-04T05:49:02.291Z,Partner,[https://loremipsum.io/](https://www.company179.com)
19183,WA,823 HN St,2023-10-20,D3F7680C2731,false,Company 960,(1010-7931,2024-06-04T05:49:02.291Z,Partner,[https://loremipsum.io/](https://www.company515.com)
55642,FL,296 ZO St,2023-07-04,54573CB61EE8,false,Company 34,(709-9141,2024-06-04T05:49:02.291Z,Prospect,[https://loremipsum.io/](https://www.company238.com)
87811,DC,546 GD St,2023-01-09,C81F095FFD98,false,Company 419,(532-7856,2024-06-04T05:49:02.291Z,Partner,[https://loremipsum.io/](https://www.company954.com)
21542,NY,654 JT St,2023-03-04,9E8D77279BBD,false,Company 565,(925-3226,2024-06-04T05:49:02.291Z,Public,[https://loremipsum.io/](https://www.company279.com)
55193,IL,212 WF St,2023-06-24,FAB18581F8EA,false,Company 686,(460-6390,2024-06-04T05:49:02.291Z,Prospect,[https://loremipsum.io/](https://www.company477.com)
62675,NY,491 NS St,2023-11-06,A7E00A21D6E8,false,Company 798,(447-2152,2024-06-04T05:49:02.291Z,Public,[https://loremipsum.io/](https://www.company108.com)
21604,AZ,603 IL St,2023-09-01,52327938F586,false,Company 372,(444-4609,2024-06-04T05:49:02.291Z,Customer,[https://loremipsum.io/](https://www.company652.com)
53262,TX,508 DP St,2023-04-15,73C2269923F7,false,Company 50,(539-9822,2024-06-04T05:49:02.291Z,Partner,[https://loremipsum.io/](https://www.company90.com)
79217,FL,818 JV St,2023-05-20,89C6F5B5771B,false,Company 105,(812-5279,2024-06-04T05:49:02.291Z,Partner,[https://loremipsum.io/](https://www.company200.com)
47480,MN,236 NM St,2023-07-18,764257CF86F8,false,Company 108,(627-2139,2024-06-04T05:49:02.291Z,Prospect,[https://loremipsum.io/](https://www.company977.com)
51301,AZ,460 HC St,2023-02-14,548D854E697B,false,Company 713,(560-5491,2024-06-04T05:49:02.291Z,Customer,[https://loremipsum.io/](https://www.company447.com)
21290,DC,722 MZ St,2023-07-08,4B75687C7B0F,false,Company 70,(156-9137,2024-06-04T05:49:02.291Z,Public,[https://loremipsum.io/](https://www.company786.com)
22517,TX,857 BO St,2023-02-18,E463BEBADCFD,false,Company 697,(239-7781,2024-06-04T05:49:02.291Z,Customer,[https://loremipsum.io/](https://www.company600.com)
89026,TX,270 LM St,2023-08-02,230C104FD0F3,false,Company 992,(564-557,2024-06-04T05:49:02.291Z,Partner,[https://loremipsum.io/](https://www.company416.com)
8155,IL,719 HF St,2023-06-13,2202F5B24C7E,true,Company 663,(773-6550,2024-06-04T05:49:02.291Z,Private,[https://loremipsum.io/](https://www.company578.com)